[
    {
        "id": "6289654473255@s.whatsapp.net",
        "verified": false,
        "name": ".",
        "time": "26/01 06:55:56",
        "limit": 0,
        "balance": 0,
        "premium": false
    },
    {
        "id": "6285776323601@s.whatsapp.net",
        "verified": false,
        "name": "Riva Fiqri",
        "time": "26/01 06:55:56",
        "limit": 0,
        "balance": 0,
        "premium": false
    },
    {
        "id": "6281916171074@s.whatsapp.net",
        "verified": false,
        "name": "Arifwicak",
        "time": "27/01 15:09:41",
        "limit": 0,
        "balance": 0,
        "premium": false
    },
    {
        "id": "6285773902323@s.whatsapp.net",
        "verified": false,
        "name": "EJARIKA / KARYA ONLINESHOPE",
        "time": "27/01 15:14:54",
        "limit": 0,
        "balance": 0,
        "premium": false
    }
]